link_id,t_0,t_1,t_2,t_3,t_4,t_5,t_6,t_7,t_8,t_9,t_10,t_11,t_12,t_13,t_14,t_15,t_16,t_17,t_18,t_19,t_20,t_21,t_22,t_23
1_2,44.4,43.78,44.38,44.32,42.32,40.88,37.74,37.47,35.4,32.05,28.72,27.13,25.01,24.65,23.67,25.5,25.53,27.39,28.82,30.32,31.56,31.44,34.85,36.64
1_13,44.03,46.69,45.44,43.91,42.93,40.9,40.18,38.05,33.99,31.49,29.94,25.96,26.38,24.88,25.72,24.96,27.15,27.22,29.65,30.16,31.16,33.62,33.89,37.18
2_3,50.21,49.84,47.95,46.97,48.26,43.84,43.76,41.9,39.13,34.98,30.51,29.59,26.76,26.85,26.89,28.23,27.76,30.25,29.7,31.73,34.96,36.9,36.77,38.39
3_4,49.45,48.63,47.33,47.45,49.1,44.31,44.97,40.56,37.14,35.89,32.87,30.16,28.69,26.52,27.19,28.39,28.06,29.46,32.33,32.99,33.47,37.77,38.3,39.92
3_15,33.74,34.05,35.74,33.82,33.28,31.81,31.13,29.06,26.53,23.47,20.44,17.77,15.96,16.59,15.67,16.84,16.86,18.68,20.31,21.05,22.03,23.75,24.8,27.6
4_5,45.54,45.69,45.9,43.1,44.35,42.46,40.09,38.42,36.29,32.46,28.36,27.15,24.28,25.4,25.03,25.97,26.69,26.74,29.07,30.5,31.6,32.93,34.16,35.39
4_16,32.94,32.94,33.31,32.18,30.54,30.81,28.95,25.49,24.75,21.74,19.34,16.32,15.38,14.6,14.76,15.68,15.7,16.82,17.69,19.99,21.33,22.99,24.01,26.02
5_6,42.52,41.23,42.47,41.92,39.2,39.47,35.91,35.47,32.87,28.86,27.47,24.59,23.47,22.33,23.36,24.01,24.93,24.31,25.29,27.96,28.89,30.05,32.35,32.15
5_17,35.22,34.69,32.39,32.12,32.91,31.9,29.96,27.31,24.49,22.08,19.88,16.97,15.98,15.42,15.39,15.92,17.54,17.76,19.64,21.27,22.02,23.1,24.19,25.27
6_7,46.59,45.71,47.18,46.67,46.97,44.34,43.72,41.48,38.02,32.99,31.17,28.06,26.6,25.78,26.14,25.88,27.73,29.24,31.05,32.25,32.82,34.54,37.18,39.53
6_18,37.19,37.16,37.73,36.85,35.07,35.75,31.97,30.41,27.35,25.05,22.36,20.33,18.67,18.2,17.97,18.43,19.35,20.52,20.61,22.99,25.23,26.87,27.4,28.18
7_8,43.46,43.91,43.35,41.84,42.9,39.13,37.95,35.93,34.15,30.49,28.42,26.17,23.25,24.45,23.0,23.86,25.99,26.23,28.44,29.35,29.27,31.26,32.91,35.41
7_19,43.58,44.81,45.29,43.03,42.29,40.8,38.04,35.98,33.31,31.98,28.28,26.9,25.75,24.38,24.54,23.88,25.34,26.93,28.1,30.15,29.91,33.73,34.04,35.57
8_9,43.77,43.45,45.22,42.36,43.03,39.96,40.01,36.61,35.29,31.36,29.0,27.19,25.39,23.33,24.21,25.55,24.78,27.49,27.78,29.94,30.63,33.41,33.93,35.37
8_20,37.33,38.2,37.42,36.62,34.45,33.82,33.07,29.0,28.07,23.52,21.93,19.12,18.09,17.47,16.65,17.44,18.87,19.02,21.66,23.0,23.55,25.17,26.63,28.04
9_10,43.16,44.54,44.03,41.97,41.91,41.3,39.58,36.25,34.54,32.3,29.37,26.18,25.63,23.52,24.2,25.71,25.92,27.22,29.31,28.88,30.33,33.74,34.55,35.23
9_21,32.15,33.37,30.94,32.18,31.5,30.3,29.17,26.81,23.55,21.66,19.38,16.65,15.6,14.62,14.74,15.09,16.38,17.8,18.85,19.02,20.32,22.84,23.37,25.19
10_11,41.17,41.72,41.71,40.48,40.08,37.8,35.73,34.97,31.7,30.61,27.25,24.43,22.57,22.48,23.56,24.09,23.54,24.15,26.97,28.55,28.61,31.41,31.95,34.06
10_22,33.41,32.86,32.01,30.26,31.58,30.03,27.78,26.22,22.79,20.62,18.01,17.17,15.73,14.46,15.07,15.92,16.57,17.35,18.35,19.91,20.76,21.87,22.95,25.22
11_12,49.08,47.34,47.38,46.78,44.1,43.49,42.53,38.63,38.34,35.11,31.64,29.48,26.64,26.85,26.6,27.82,27.84,29.72,30.18,31.64,33.14,34.72,37.78,37.04
11_23,32.54,33.35,32.41,33.4,32.73,30.41,28.52,26.97,24.77,22.47,20.35,17.37,16.48,15.22,15.54,15.92,17.3,18.54,19.43,21.02,22.36,24.03,24.91,26.84
12_24,48.98,48.23,48.21,46.47,46.65,43.45,42.06,40.29,35.93,33.71,30.93,28.89,26.18,26.77,26.85,27.17,26.92,28.21,30.65,31.38,33.83,33.86,37.27,37.65
13_25,50.77,51.64,49.46,49.4,49.5,46.54,43.19,41.88,40.12,35.56,31.26,30.14,28.46,28.12,27.98,28.31,29.71,29.25,31.29,34.24,35.42,36.96,39.18,40.82
14_15,34.95,34.67,36.42,34.75,33.94,32.57,30.43,28.65,26.52,23.67,19.99,19.15,17.49,16.85,17.02,17.09,17.38,18.82,19.57,21.94,22.08,23.77,25.58,26.61
14_26,37.65,36.6,36.47,36.57,34.37,32.02,32.45,30.05,27.23,24.25,20.79,18.38,17.26,17.22,16.98,17.88,17.69,18.56,20.58,21.19,24.01,25.01,26.87,28.06
15_16,33.88,35.91,35.35,34.92,34.06,32.6,31.14,28.16,26.5,23.11,21.04,18.49,16.98,16.01,15.76,16.36,17.11,18.32,19.1,20.56,22.77,24.56,25.42,27.38
16_17,36.94,38.39,38.6,38.49,34.79,34.33,32.64,31.69,28.79,25.46,22.58,20.13,18.59,16.86,17.72,17.85,19.41,19.87,20.93,23.32,24.76,25.46,27.73,28.87
16_28,34.05,33.95,32.16,33.29,32.14,31.05,28.68,27.15,23.52,21.67,18.96,17.75,15.99,15.63,15.74,15.26,17.2,16.82,19.03,20.32,21.06,22.88,23.9,26.43
17_18,30.82,31.96,30.29,29.62,29.63,29.47,28.52,26.47,23.4,21.06,18.75,15.83,15.37,15.02,15.19,15.01,16.42,16.67,17.29,18.78,20.6,22.58,22.43,24.43
17_29,31.22,31.2,30.95,32.28,29.67,29.59,27.22,26.49,24.01,20.75,18.7,17.03,15.65,14.63,14.85,15.67,16.4,17.31,18.22,18.63,20.21,22.79,23.99,25.48
18_19,31.54,33.35,32.01,32.61,30.59,30.59,28.39,26.02,23.71,21.19,19.2,16.23,15.19,14.51,14.54,15.59,16.33,16.4,18.33,19.65,21.08,22.13,24.32,24.14
18_30,31.07,31.96,31.46,30.89,30.14,28.35,27.28,25.74,23.74,20.9,19.24,16.99,15.45,14.94,15.23,15.76,15.53,16.75,17.79,19.92,20.36,22.08,22.59,25.0
19_20,31.62,31.66,32.37,31.82,30.5,27.75,27.03,26.19,23.56,21.18,18.96,16.81,15.09,14.97,14.58,15.62,16.42,16.93,17.21,19.56,20.06,20.79,22.8,24.54
19_31,40.84,43.35,41.01,40.36,39.89,39.65,38.45,35.37,32.42,30.36,27.39,24.82,23.12,22.26,23.33,23.01,24.02,25.3,26.95,28.59,29.67,31.96,33.51,33.59
20_21,32.84,33.31,31.65,30.52,31.24,30.42,27.24,25.73,23.19,21.22,18.56,16.73,15.51,14.99,15.52,15.4,16.07,17.08,18.25,19.29,21.04,21.99,23.92,24.66
20_32,33.07,33.68,32.12,32.58,32.59,32.03,30.37,27.71,24.82,23.06,19.53,17.44,16.64,15.58,15.94,15.68,17.41,17.82,19.56,20.77,22.31,22.68,25.36,25.58
21_22,35.32,34.43,34.36,34.22,32.03,30.65,30.47,28.58,25.79,22.62,20.36,17.03,16.52,15.75,15.75,16.03,16.45,17.71,19.49,21.09,22.02,23.7,25.17,27.23
21_33,32.57,32.67,32.14,30.5,30.87,28.67,29.18,26.88,23.54,20.62,18.31,16.34,15.37,14.4,15.62,15.69,16.5,17.8,18.85,19.33,20.91,21.62,23.47,25.71
22_23,34.48,33.2,34.67,32.76,32.15,32.62,29.57,28.06,25.39,23.34,20.38,17.13,15.93,15.54,16.07,16.1,17.4,17.66,19.34,21.38,22.65,23.4,25.91,25.47
22_34,34.7,35.79,34.65,33.03,33.88,32.3,30.07,26.79,26.09,22.38,19.56,18.27,16.73,15.38,16.09,16.31,16.64,18.34,19.01,20.29,22.92,23.61,25.29,25.81
23_24,32.01,30.71,30.38,30.59,30.86,28.8,28.15,26.01,22.45,20.29,17.48,15.79,14.37,14.14,14.49,14.42,16.04,16.32,17.83,19.12,19.71,22.21,21.99,24.82
23_35,37.02,37.05,37.97,35.78,34.71,35.13,31.16,29.06,27.97,24.28,20.75,19.26,17.23,16.77,17.71,17.62,18.17,19.29,21.27,22.74,23.98,25.34,26.72,29.1
24_36,46.95,49.04,48.03,46.81,47.31,44.1,42.96,40.43,37.5,33.58,31.05,29.5,27.65,26.83,27.15,26.18,27.22,27.67,30.1,30.74,32.69,36.07,37.18,37.05
25_26,31.46,31.31,32.05,30.75,29.7,29.75,28.82,26.94,23.43,22.07,19.14,17.45,15.85,14.62,14.78,16.01,15.87,17.69,18.52,18.95,21.55,23.03,24.21,25.29
25_37,50.57,48.73,49.99,46.49,47.02,44.24,43.0,39.54,39.5,35.77,32.6,29.43,26.91,26.72,26.79,28.1,27.4,28.53,30.0,32.1,34.83,36.57,37.58,39.56
26_38,32.4,30.99,32.27,29.72,29.63,29.38,26.81,25.85,23.66,21.42,18.71,15.7,14.57,14.29,14.89,14.9,15.5,16.51,17.11,18.57,20.66,21.25,22.59,23.75
27_28,30.72,30.57,30.49,30.81,29.56,29.0,26.93,25.03,22.54,20.07,17.75,16.03,15.38,14.21,14.89,14.95,15.63,17.13,17.17,18.57,20.93,21.06,22.39,23.85
27_39,33.92,33.4,33.15,33.26,31.74,29.94,27.73,25.67,23.99,21.06,18.67,17.68,15.47,15.76,15.37,16.11,17.12,17.48,18.2,20.28,21.53,21.81,24.56,24.74
28_29,37.36,37.78,37.25,36.71,36.09,32.44,32.93,28.65,27.53,24.06,21.56,19.85,17.1,17.64,16.71,17.79,17.96,19.88,20.16,21.56,22.91,24.28,27.63,27.46
29_30,36.42,37.78,35.35,36.6,33.63,33.65,30.77,29.21,27.58,24.37,21.21,19.42,17.97,16.5,17.52,17.56,18.58,19.18,20.31,21.43,23.72,24.7,26.34,28.81
29_41,34.5,35.46,34.78,34.15,33.5,31.05,29.58,27.49,25.11,22.48,19.77,18.23,16.21,16.45,16.61,16.22,17.15,17.94,19.02,20.53,21.59,24.12,24.66,26.26
30_31,31.32,32.36,31.9,30.81,29.2,30.39,27.61,25.84,22.64,21.44,19.01,16.17,15.28,15.21,14.88,15.28,16.49,16.63,17.56,19.67,19.79,22.68,23.76,25.28
30_42,37.63,38.79,37.47,35.88,34.44,35.41,31.85,30.85,28.14,24.67,21.95,19.03,17.66,16.94,17.04,17.51,18.22,20.08,21.36,22.05,23.94,24.97,27.96,28.66
31_32,31.98,34.07,33.03,32.32,31.08,29.63,29.16,25.82,25.09,22.25,18.72,17.61,15.68,14.79,15.11,15.46,16.54,16.9,18.73,20.56,21.74,22.95,23.75,25.47
31_43,50.8,51.2,50.03,49.82,46.31,46.48,44.99,39.77,39.11,34.71,32.1,28.28,27.45,26.2,27.86,27.91,28.88,29.19,32.04,33.24,34.32,35.71,38.6,38.53
32_33,37.41,36.92,36.75,36.17,35.72,33.92,32.8,28.97,27.94,24.76,21.64,19.72,17.01,16.69,16.64,17.69,19.32,19.27,21.53,21.98,23.12,26.26,27.25,28.2
32_44,33.78,34.38,34.81,35.25,32.48,32.96,30.68,29.19,26.3,23.55,20.17,18.48,16.34,16.33,16.19,17.19,17.48,18.1,20.04,21.54,22.97,24.68,25.8,26.81
33_34,34.97,33.35,33.41,34.7,33.15,30.76,29.47,28.4,25.49,22.88,20.39,18.08,15.81,15.86,16.4,16.5,17.7,18.69,18.71,20.26,22.43,24.48,24.49,26.64
33_45,32.89,34.8,33.1,32.27,31.28,31.98,30.39,26.97,24.08,22.42,18.86,17.13,15.46,15.02,15.66,15.81,16.86,17.22,18.87,20.0,21.91,22.31,24.7,26.22
34_35,30.55,31.89,32.12,30.86,31.02,27.89,26.41,25.64,23.38,21.59,17.87,16.38,14.69,14.42,14.94,14.65,15.78,16.18,18.1,18.35,20.29,21.65,22.3,24.42
34_46,37.48,36.24,35.96,36.56,36.13,34.66,33.05,29.81,27.95,23.78,21.63,18.56,16.85,16.49,17.48,18.08,18.37,19.96,20.69,22.91,23.37,24.58,26.31,27.2
35_36,32.06,32.09,31.68,29.75,30.92,28.76,28.35,25.74,23.46,19.96,17.79,16.02,15.28,14.67,14.16,15.61,15.43,16.51,17.89,18.41,19.82,21.33,23.29,24.63
35_47,34.64,35.48,33.2,33.78,32.36,30.92,31.28,27.07,25.5,22.93,20.82,18.65,16.25,15.49,16.71,16.69,17.29,19.02,19.46,21.57,23.3,23.23,26.1,25.84
36_48,40.85,42.23,39.66,41.14,39.25,37.87,35.96,35.25,33.15,29.92,26.14,25.27,23.64,22.37,22.46,22.88,23.2,23.91,26.66,27.63,29.0,29.86,32.71,32.19
37_38,37.13,38.12,37.57,37.13,35.62,34.94,31.58,30.87,27.36,23.8,21.67,19.6,17.12,17.17,17.04,17.53,18.48,19.1,20.26,22.18,23.03,25.32,27.08,27.86
37_49,46.45,46.72,42.9,42.75,41.46,43.31,38.63,39.06,33.8,32.1,28.57,25.78,25.72,24.41,25.8,24.84,27.02,26.79,27.59,29.58,32.31,34.19,34.11,37.27
38_39,31.07,32.66,32.77,32.08,30.01,28.6,27.77,25.18,24.02,20.35,18.76,16.17,14.92,14.39,14.73,15.68,16.4,16.6,17.51,18.68,20.24,21.75,22.61,24.93
38_50,32.97,31.36,33.29,31.08,31.84,30.2,28.66,25.75,24.19,20.98,19.49,16.86,15.55,14.67,14.86,15.9,15.95,17.23,18.01,19.97,20.68,22.69,23.09,24.24
39_51,34.25,33.98,33.13,33.3,32.71,30.23,28.89,26.23,25.48,21.67,20.38,17.54,16.14,15.13,15.35,16.77,17.14,18.16,19.25,20.62,21.13,22.35,25.23,26.46
40_41,34.11,33.76,32.89,33.15,32.79,31.29,28.83,27.86,25.13,22.7,19.07,17.63,15.67,15.61,15.46,16.55,16.98,18.45,19.26,19.57,22.01,23.36,24.52,25.43
40_52,31.55,32.0,32.5,30.13,30.63,29.25,27.35,24.9,23.43,20.65,19.25,16.67,14.72,14.26,14.9,14.8,15.98,16.97,17.52,19.48,20.34,22.26,22.82,24.2
41_42,33.78,34.03,35.99,34.11,33.67,31.27,31.13,28.41,25.01,23.65,20.16,18.6,17.29,16.58,16.58,16.49,17.89,18.76,19.22,21.33,22.37,24.17,25.09,27.06
42_43,36.64,36.52,35.13,36.03,34.21,34.11,30.81,30.21,27.01,25.02,22.21,18.52,18.04,17.06,17.54,17.93,18.88,19.46,20.38,22.48,24.14,26.07,25.95,29.51
42_54,34.73,34.18,36.11,35.21,33.94,33.33,31.28,29.64,26.85,23.85,20.74,18.22,16.49,16.81,16.1,17.58,17.1,18.66,20.57,20.8,22.1,25.21,26.2,28.11
43_44,34.11,33.11,33.13,31.18,30.71,29.38,29.68,25.73,24.33,21.31,19.37,17.8,16.08,15.0,15.15,15.46,17.21,18.01,18.25,20.23,21.11,22.93,24.98,25.06
43_55,43.03,42.12,40.96,39.89,39.73,39.23,37.97,34.86,32.71,29.4,26.84,25.47,22.9,23.1,24.06,24.29,25.6,25.28,26.87,27.17,30.12,32.5,31.59,34.01
44_45,36.54,36.26,34.66,33.59,34.14,32.14,30.28,29.41,26.48,22.94,21.45,19.03,16.99,16.3,16.97,17.82,18.26,18.98,19.66,22.34,23.75,24.72,25.13,27.22
44_56,34.61,34.82,33.95,35.18,33.42,33.89,31.46,28.6,27.21,24.02,20.63,17.93,16.45,16.59,16.97,17.7,17.6,18.32,19.52,21.27,23.83,25.44,25.4,26.78
45_46,37.68,36.67,35.86,35.35,36.01,33.66,31.92,28.89,27.59,23.78,21.5,18.78,17.9,16.39,17.18,17.72,18.89,19.3,20.58,21.89,23.84,24.38,27.17,28.3
45_57,39.54,37.88,37.94,36.0,36.05,35.75,31.76,31.63,27.8,24.27,21.3,19.2,18.36,17.55,17.48,18.84,19.76,19.43,22.08,22.26,24.8,26.58,28.07,29.54
46_47,37.66,36.44,37.05,36.01,37.13,33.57,33.14,29.56,26.96,24.58,21.75,19.7,17.8,17.26,17.82,18.14,18.25,20.4,20.91,22.81,24.31,25.19,27.0,28.91
46_58,32.9,33.85,34.37,32.98,31.86,31.13,30.19,28.38,25.29,22.51,19.86,17.94,15.61,16.02,16.38,16.61,16.88,18.28,18.32,20.92,21.07,24.03,24.36,25.64
47_48,33.13,32.61,31.1,31.27,31.64,30.35,27.93,25.86,24.4,20.57,17.98,16.3,15.75,14.37,14.85,15.96,16.2,16.6,18.55,18.62,21.44,22.82,22.68,25.02
47_59,34.73,33.69,34.75,33.12,33.3,31.09,30.9,26.97,25.13,22.08,19.76,17.85,16.29,15.65,16.67,16.64,17.94,18.58,19.78,21.09,21.41,23.98,24.57,27.6
48_60,47.68,49.14,48.24,49.44,46.93,44.22,42.84,42.19,39.58,35.99,31.45,29.02,27.74,26.75,27.25,26.7,29.37,29.36,31.61,31.48,35.11,36.54,39.06,39.83
49_50,34.58,33.38,34.58,32.74,31.89,30.19,29.81,27.17,24.62,22.55,19.08,17.05,16.25,15.52,15.57,15.89,16.99,18.17,19.42,20.59,21.43,23.95,24.72,26.11
49_61,51.36,50.07,49.52,49.74,45.67,46.36,44.49,40.79,37.29,35.2,31.97,29.93,28.32,26.87,26.6,28.11,28.86,29.92,30.83,33.11,34.05,36.0,37.19,40.01
50_51,34.91,35.18,35.09,33.13,32.21,32.98,30.53,28.16,26.17,22.33,21.0,17.82,16.8,16.47,16.08,16.96,17.94,17.97,20.4,21.49,22.29,24.59,25.07,26.82
50_62,38.93,36.09,36.84,36.35,35.17,33.51,33.73,31.33,28.38,25.46,22.01,19.13,18.41,17.47,17.76,17.71,18.65,20.55,21.81,22.55,24.59,24.82,26.81,28.54
51_52,38.39,38.16,38.49,36.62,35.61,33.65,31.55,30.49,28.08,25.15,21.87,20.11,18.62,17.97,17.61,17.52,19.09,20.37,20.51,22.18,24.26,25.46,26.52,28.57
51_63,33.15,32.03,32.24,32.89,30.42,30.59,29.23,26.68,24.15,22.09,19.41,16.45,15.36,15.18,15.55,15.12,16.0,17.27,18.12,19.29,20.91,22.56,23.56,24.22
52_64,37.71,37.38,37.16,35.6,33.47,33.62,32.67,29.15,26.35,23.73,20.59,19.48,17.42,17.08,16.4,16.97,18.14,18.88,19.75,22.47,22.5,24.85,26.89,28.8
53_54,32.32,30.46,32.35,30.63,30.36,27.88,27.48,24.7,23.98,21.28,18.96,15.8,15.47,14.62,15.04,14.66,15.97,16.74,18.37,19.05,19.99,21.07,22.24,24.1
53_65,36.69,35.92,34.38,34.5,34.51,33.47,31.81,30.02,25.75,22.99,20.55,18.88,17.09,17.0,16.37,17.45,17.96,18.44,19.48,22.05,22.31,24.86,25.53,26.97
54_55,37.4,38.22,36.53,35.08,35.79,34.06,33.66,29.4,28.29,25.15,21.38,18.97,18.23,17.93,17.68,17.96,18.62,19.82,20.36,21.66,24.41,25.28,26.93,28.95
55_56,36.17,37.12,35.53,36.26,32.81,32.82,31.0,28.22,25.69,23.33,21.47,18.72,17.09,16.1,16.87,17.16,17.5,18.72,20.86,21.55,23.71,23.75,25.46,27.38
55_67,44.01,41.82,43.04,42.39,40.6,39.45,39.41,37.44,33.36,30.03,27.83,25.49,24.78,23.95,23.34,25.24,25.65,25.92,27.77,28.43,30.07,30.77,33.73,34.85
56_57,35.2,34.25,35.4,34.37,33.31,32.91,29.2,27.13,25.3,23.38,20.39,17.75,16.61,15.45,16.39,16.27,17.08,18.85,18.86,21.24,22.82,23.59,25.14,27.06
56_68,32.02,32.74,32.18,31.71,32.16,31.2,27.9,27.06,24.18,22.18,18.41,16.62,15.2,15.57,15.13,15.63,16.78,17.73,18.97,19.13,20.7,22.32,23.77,25.09
57_58,36.7,37.05,35.88,34.7,33.56,33.25,31.7,29.9,26.68,23.57,20.55,18.11,17.21,16.9,16.13,17.59,17.61,19.31,19.68,21.0,23.8,24.0,26.87,26.83
57_69,36.23,35.7,35.16,34.04,32.97,32.93,31.38,28.41,24.98,22.89,20.49,18.62,16.62,15.64,15.88,17.02,17.06,18.34,20.36,20.2,22.93,23.3,25.77,27.36
58_59,38.02,38.94,37.07,36.65,34.62,33.64,33.15,29.51,27.95,25.63,22.25,19.79,18.4,17.03,17.52,17.73,18.18,19.33,21.57,22.56,24.58,25.81,28.23,29.93
58_70,33.57,34.95,33.72,33.91,33.56,30.63,29.5,28.11,24.47,22.83,19.1,17.83,16.18,15.11,16.15,16.78,16.67,17.8,18.79,19.95,22.14,23.08,25.84,25.26
59_60,32.75,31.57,30.84,30.62,31.04,30.34,28.4,25.36,24.67,21.57,19.54,17.21,14.91,14.64,15.56,15.04,16.5,16.66,17.77,19.25,20.28,21.96,23.38,25.41
59_71,32.9,32.27,30.99,31.43,30.05,29.24,28.56,27.03,23.66,21.65,19.44,16.97,15.18,15.34,14.58,15.06,15.8,17.72,18.73,19.43,20.71,23.15,24.38,24.77
60_72,46.91,45.56,47.78,46.8,46.25,44.82,40.23,39.08,35.18,34.0,30.95,28.35,26.05,26.48,24.8,26.13,27.58,27.83,30.05,31.48,32.39,34.65,34.69,37.84
61_62,31.34,32.36,32.12,30.57,29.71,29.2,28.4,25.6,24.01,21.22,19.41,16.51,15.45,14.34,15.65,15.23,15.6,17.7,17.85,19.13,20.75,22.9,22.67,24.69
61_73,47.76,46.83,46.77,47.39,45.47,44.96,43.12,39.55,36.43,33.38,30.02,27.36,25.84,25.78,25.81,26.21,27.87,27.72,29.56,31.79,32.23,34.55,35.57,37.9
62_63,33.54,33.45,32.62,32.75,31.8,30.44,28.31,26.61,23.29,21.78,19.26,17.19,16.14,15.35,14.75,16.0,16.2,17.64,17.9,20.03,21.19,22.51,23.93,25.73
62_74,32.24,32.2,33.3,31.48,31.44,30.38,29.14,26.19,23.3,22.03,18.84,16.77,15.17,15.37,14.66,15.58,16.39,17.71,19.05,19.05,20.56,22.71,24.03,25.01
63_64,31.98,32.05,33.63,31.88,31.81,31.39,27.57,26.38,24.82,21.04,18.78,16.65,15.46,14.72,15.76,15.71,16.87,17.41,18.95,20.08,20.5,22.83,24.09,26.4
63_75,31.84,33.13,32.46,30.62,29.97,29.41,27.54,25.54,22.95,20.5,19.42,17.37,15.29,15.07,14.95,15.34,15.92,17.57,18.8,19.66,20.69,21.75,23.1,23.92
64_65,35.35,33.57,33.52,31.95,32.6,31.77,29.71,26.53,23.92,21.54,19.43,17.43,16.03,15.96,15.2,16.5,16.86,18.39,18.74,20.64,22.02,22.5,25.13,25.38
64_76,31.64,33.68,31.05,30.87,31.13,30.06,28.63,25.36,24.31,20.71,19.41,17.47,14.96,15.35,14.7,16.22,16.4,17.27,18.22,18.98,21.19,22.27,23.23,25.67
65_77,33.06,31.75,32.36,31.93,31.9,30.22,29.11,26.56,24.78,22.16,18.66,16.92,16.03,15.7,15.7,15.77,16.25,17.67,18.73,20.24,21.24,22.49,23.16,25.08
66_67,34.68,34.41,32.92,33.54,32.33,30.12,28.47,26.42,24.23,22.47,18.96,16.93,16.12,15.64,15.9,15.55,17.45,18.22,18.62,19.51,20.82,22.67,25.07,24.98
66_78,36.87,36.68,35.71,34.37,34.07,33.29,31.4,28.77,25.91,24.27,21.69,18.9,17.89,16.71,16.89,17.5,18.18,19.11,20.54,21.51,23.3,24.42,25.84,28.68
67_68,37.1,35.59,35.78,36.46,34.67,35.14,31.52,30.87,26.58,24.49,21.37,19.4,17.56,17.27,17.19,17.92,19.21,19.59,20.34,22.17,24.02,25.87,25.97,29.53
68_69,32.78,33.02,31.26,32.24,30.83,29.71,27.08,25.44,23.2,21.74,19.32,16.52,15.76,14.61,14.42,15.33,16.39,16.46,18.2,19.35,20.98,22.53,22.49,23.96
68_80,31.93,34.18,31.67,31.29,31.12,31.03,29.36,26.38,23.73,22.63,19.44,17.6,15.85,15.64,14.84,16.41,16.33,18.21,18.58,19.36,21.22,21.97,23.87,24.89
69_70,35.94,35.04,35.85,33.05,33.85,32.68,29.48,28.84,25.68,23.15,21.01,18.63,16.18,16.09,16.25,16.46,17.27,18.34,19.53,20.15,21.99,24.22,24.94,26.14
69_81,35.09,33.1,32.33,34.24,32.26,32.1,28.69,27.75,24.97,21.61,19.88,17.83,15.73,15.84,15.65,16.81,16.29,18.57,19.16,19.58,21.44,22.56,24.45,26.32
70_71,35.25,34.32,34.89,33.64,32.06,32.09,30.43,27.23,25.92,22.72,19.33,17.18,16.6,15.69,15.3,16.25,17.24,18.67,19.72,21.22,21.44,22.54,24.27,25.57
70_82,33.73,33.89,33.05,33.23,31.39,31.58,29.91,28.23,24.56,21.86,19.47,18.09,16.29,15.29,16.37,16.39,17.45,17.79,19.57,19.81,22.38,23.49,25.05,25.87
71_72,35.89,36.88,35.84,37.08,34.25,33.14,32.23,30.64,28.09,24.34,20.95,19.67,17.72,16.55,17.48,17.98,19.24,19.55,20.12,23.12,24.13,24.86,26.0,28.44
71_83,33.86,34.11,33.09,32.61,31.02,31.46,28.73,25.81,24.27,21.92,19.0,17.13,15.73,14.87,14.83,15.51,16.42,16.84,17.86,19.97,20.83,22.29,24.31,24.61
72_84,51.36,48.17,47.91,48.24,47.04,44.96,42.88,40.57,38.68,34.65,32.92,30.5,28.4,28.43,26.62,27.02,29.86,29.17,31.81,34.56,33.76,35.81,39.27,41.42
73_74,44.73,44.95,44.33,45.0,42.42,42.82,40.99,35.99,35.64,31.0,27.97,26.29,24.4,23.57,24.0,25.23,24.96,27.19,28.27,29.33,31.65,33.72,34.81,35.72
73_85,46.26,47.85,44.71,46.22,44.74,45.04,41.52,39.33,35.8,33.17,29.67,27.08,26.98,26.55,24.74,25.24,26.33,28.79,30.08,31.98,32.4,34.48,35.82,36.17
74_75,42.16,42.12,41.51,41.16,42.0,40.16,36.89,36.14,33.04,29.55,27.42,26.04,24.32,23.82,23.47,23.34,24.73,26.4,26.81,27.97,29.39,30.53,33.19,33.97
74_86,33.84,32.75,33.48,33.03,31.03,30.56,28.94,28.03,24.58,23.02,20.56,17.21,16.47,15.77,16.27,16.67,16.56,17.54,19.27,21.23,22.54,22.39,25.49,26.85
75_76,43.33,42.53,44.61,41.74,42.37,41.04,37.88,36.06,34.2,31.23,29.44,25.53,24.21,23.99,24.48,24.33,26.45,25.64,26.98,29.15,31.71,32.59,34.88,33.99
75_87,32.26,31.84,30.99,31.99,30.48,29.84,29.05,25.82,24.3,21.54,19.4,17.12,15.66,15.17,14.91,15.48,15.71,17.07,18.13,19.11,21.16,21.43,23.53,24.52
76_77,43.66,45.49,43.43,41.48,43.33,42.22,37.86,36.24,34.69,30.29,27.6,27.14,24.19,23.1,24.7,25.58,26.01,27.52,26.72,28.98,31.31,32.61,33.66,35.51
76_88,33.13,34.85,32.9,33.1,33.77,30.49,30.03,27.31,25.0,22.75,20.59,18.12,16.31,16.34,16.36,15.84,17.24,17.85,18.97,20.16,22.63,23.8,24.43,26.66
77_78,49.5,51.24,48.48,47.32,45.49,45.2,42.74,39.78,38.99,34.36,32.3,29.12,27.85,28.09,27.67,28.46,29.51,29.66,30.42,32.46,34.08,35.72,36.78,40.93
77_89,32.9,33.02,32.37,32.22,30.73,30.2,27.28,26.41,24.04,21.64,17.81,16.44,15.73,14.57,15.28,15.75,16.0,16.69,17.99,18.48,21.13,22.27,23.24,23.76
78_90,33.58,35.01,32.92,32.65,31.08,30.68,30.23,28.33,24.09,22.49,19.74,18.02,15.72,15.0,15.82,16.54,16.23,18.32,19.19,20.52,22.48,22.43,23.98,26.69
79_80,47.75,51.42,49.85,48.85,46.06,44.88,42.66,41.23,39.16,35.26,31.55,28.97,26.81,27.33,28.27,28.02,28.06,29.73,32.01,33.37,36.04,37.45,36.9,41.45
79_91,50.57,49.51,48.17,49.75,45.88,46.1,43.14,42.06,38.32,35.11,33.26,28.49,27.82,26.56,28.02,27.35,29.32,31.06,31.58,32.67,33.55,36.55,37.6,40.41
80_81,46.27,47.49,45.12,45.81,43.52,42.92,40.29,40.24,36.42,32.61,30.7,27.66,26.06,25.76,24.76,25.19,26.08,28.7,29.84,30.35,33.6,34.14,35.99,38.14
81_82,47.99,49.18,49.97,48.52,47.98,47.25,42.36,41.31,39.05,36.11,31.7,28.74,26.58,26.73,26.2,26.86,29.09,29.28,31.32,31.77,33.66,35.72,38.5,39.26
81_93,34.22,34.01,33.91,35.35,34.35,30.81,29.26,27.72,24.71,23.26,19.96,17.6,16.2,16.06,15.99,16.12,16.86,18.76,19.28,20.43,22.78,24.3,26.02,26.55
82_83,48.44,51.33,49.16,47.27,47.06,46.52,44.62,42.07,37.41,34.22,32.73,30.4,29.03,26.76,27.9,28.06,29.67,31.12,30.82,32.09,35.08,35.39,37.84,40.11
82_94,31.9,33.18,30.7,30.9,30.9,28.42,27.92,26.35,24.19,20.35,18.08,16.57,14.91,14.86,15.38,15.89,16.1,17.32,18.43,18.65,19.84,22.6,23.02,23.92
83_84,46.39,46.67,46.54,47.72,46.1,43.26,41.28,41.17,36.21,35.01,31.51,27.89,27.24,24.92,26.45,27.41,27.31,28.45,29.12,30.28,32.18,35.27,35.93,38.79
83_95,35.05,35.17,34.21,35.16,34.18,32.08,29.85,29.71,26.72,22.73,20.97,18.68,17.15,15.9,17.04,16.8,17.72,18.35,20.65,20.89,23.25,24.88,25.96,27.75
84_96,50.37,50.32,48.75,49.19,47.75,44.57,43.13,39.91,38.56,33.96,32.18,28.62,28.42,26.8,26.2,28.13,29.22,30.53,32.03,33.46,33.46,35.3,37.13,40.5
85_86,37.15,35.25,34.24,35.26,35.04,32.58,31.76,28.3,26.36,23.84,20.84,19.09,16.81,16.26,16.58,17.07,18.48,18.47,20.07,21.09,22.56,24.42,25.38,28.14
85_97,43.62,45.24,44.6,43.58,44.18,41.56,39.93,36.64,35.94,31.96,29.77,25.98,25.07,23.76,24.32,24.42,26.77,27.34,28.49,30.26,31.45,32.12,35.28,34.75
86_87,38.27,37.36,38.13,36.57,36.63,34.54,33.15,29.17,28.1,24.3,21.94,18.57,17.45,17.01,17.2,17.82,18.9,19.69,20.4,22.17,24.46,24.69,26.59,28.28
86_98,35.02,35.93,33.93,34.01,31.99,31.62,30.91,29.17,25.28,23.77,19.61,17.58,16.06,16.48,16.68,17.07,17.84,18.1,19.58,21.18,23.28,24.11,25.25,27.6
87_88,38.45,38.47,38.07,37.72,35.46,33.53,33.31,30.77,27.13,24.43,22.6,19.47,18.23,17.17,17.42,18.1,18.94,20.46,20.46,22.84,25.05,26.9,28.27,29.38
87_99,36.34,34.08,34.99,34.59,33.33,32.8,31.01,27.73,26.68,22.31,20.25,18.22,16.78,15.9,16.47,16.88,17.59,18.94,19.34,20.43,21.81,23.6,25.87,26.41
88_89,33.31,32.71,33.24,31.47,31.17,31.07,28.51,27.05,24.32,21.85,19.05,16.69,15.63,15.02,15.04,15.4,15.77,17.13,17.89,19.44,20.5,21.79,24.5,24.69
88_100,37.13,36.61,34.38,34.31,35.15,32.42,30.03,28.1,26.02,22.75,20.78,18.49,17.12,16.55,16.99,17.07,18.13,19.56,19.91,21.46,22.64,25.02,25.98,27.71
89_90,37.44,37.09,35.25,34.02,35.43,31.71,32.04,28.07,27.42,23.63,20.97,18.97,17.71,16.2,16.83,17.27,17.82,18.56,19.42,21.05,23.76,25.48,25.33,27.27
89_101,34.69,34.59,33.5,33.38,33.44,31.74,29.94,27.86,25.76,22.61,20.28,18.48,16.12,15.48,16.68,16.47,17.11,17.68,20.0,20.16,22.66,24.49,25.91,27.49
90_91,31.5,30.9,29.88,31.62,29.86,29.16,27.3,25.84,23.53,20.15,17.75,15.77,15.14,14.95,14.89,15.37,15.66,16.06,17.01,18.74,20.79,22.26,22.71,23.44
90_102,34.3,33.93,35.4,35.01,32.29,33.28,30.32,28.83,25.41,22.92,21.19,18.01,16.18,16.36,16.24,16.95,17.11,18.84,19.23,21.21,23.39,24.49,26.45,26.47
91_103,49.84,51.75,50.26,48.53,47.16,46.73,44.71,43.21,38.5,36.25,31.98,30.45,27.7,27.44,28.35,28.21,29.37,31.37,32.46,33.25,35.3,35.46,38.12,39.22
92_93,32.9,34.45,34.34,32.37,32.84,29.97,29.59,28.12,24.97,21.77,19.87,17.27,16.61,15.18,16.36,16.34,16.39,17.93,18.88,20.77,22.21,22.46,23.87,27.04
92_104,34.84,35.01,35.77,35.82,33.71,32.75,30.44,27.67,25.52,24.17,21.51,17.84,17.57,16.48,16.2,17.06,18.47,18.61,20.28,20.9,23.07,23.83,26.44,27.18
93_94,37.01,35.54,35.07,35.46,34.01,32.32,32.66,28.96,26.28,23.86,21.48,19.22,17.56,16.7,17.54,17.7,19.03,18.82,21.22,22.41,22.93,26.1,26.98,27.28
94_95,30.95,31.64,30.97,30.1,29.23,30.35,27.42,24.78,23.24,21.15,19.01,15.96,15.62,14.26,14.81,15.55,16.02,17.51,18.37,19.39,20.44,22.31,23.19,24.17
94_106,32.74,34.54,33.94,32.13,31.01,30.41,30.06,26.39,23.78,21.6,19.79,18.04,15.99,15.19,15.1,15.8,17.0,17.79,19.31,20.66,21.04,23.81,23.74,26.72
95_96,37.06,37.13,36.45,36.42,35.58,34.02,31.9,29.07,27.63,23.12,21.45,18.55,16.75,16.78,16.51,17.76,17.92,19.21,20.89,21.52,23.82,24.0,26.28,27.7
95_107,36.27,36.49,37.17,36.48,35.68,34.35,32.34,29.98,27.63,25.13,22.6,20.17,18.27,17.66,17.45,17.86,18.9,20.18,21.92,22.4,23.82,25.16,27.86,28.39
96_108,46.52,46.6,49.68,48.37,47.66,46.43,43.27,39.27,38.91,33.24,31.56,28.64,26.54,26.04,26.31,27.32,28.43,29.35,30.06,32.87,33.63,34.49,35.87,39.92
97_98,32.34,33.95,33.48,31.47,32.52,29.38,29.83,27.54,24.54,21.75,18.73,16.64,15.41,14.94,15.1,15.42,16.08,18.28,18.17,20.51,21.26,23.04,24.25,25.35
97_109,48.98,49.07,47.26,46.18,45.01,43.22,44.18,41.28,36.17,33.4,32.06,27.81,26.46,26.9,26.91,27.2,27.57,28.27,29.65,31.13,34.85,36.21,35.82,40.3
98_99,36.63,36.19,36.18,36.43,33.4,33.01,31.37,29.41,26.84,24.16,21.76,18.78,17.01,16.32,16.64,17.94,18.63,18.41,19.79,21.14,22.88,24.84,27.05,27.03
98_110,32.61,31.42,32.01,29.7,28.97,28.48,27.44,24.52,22.72,20.23,18.63,15.84,14.59,14.6,14.81,15.28,15.94,16.7,17.66,18.24,20.01,21.96,23.62,23.57
99_100,36.36,34.62,34.09,34.61,35.08,31.27,29.9,28.79,26.69,23.02,20.17,18.07,17.51,16.95,16.97,17.63,18.05,19.01,19.88,22.1,22.22,23.99,26.31,28.35
99_111,34.11,34.1,33.69,34.23,31.46,31.76,30.58,26.4,25.53,21.61,20.0,18.23,15.5,15.14,15.83,15.83,16.81,18.41,19.34,19.94,22.35,24.02,25.47,26.83
100_101,32.37,33.67,32.77,31.61,32.14,29.78,29.35,26.02,23.7,22.27,19.52,16.82,16.11,14.66,14.9,15.9,16.49,16.89,18.41,19.59,20.44,23.15,24.09,25.24
100_112,32.53,32.44,30.88,31.62,30.86,28.47,28.01,24.65,23.18,19.95,18.2,16.4,15.35,14.41,14.64,14.98,15.8,16.34,17.03,18.78,19.89,21.64,23.08,24.91
101_102,36.74,36.9,37.82,36.37,35.47,33.73,33.68,30.14,27.54,24.21,21.84,19.8,17.94,17.52,18.28,18.62,19.43,20.5,21.7,22.79,24.84,26.9,26.93,28.85
101_113,35.15,35.48,34.78,34.78,34.34,31.17,31.2,29.14,25.72,22.8,21.15,18.17,16.53,16.23,16.16,16.44,18.15,19.06,20.46,21.73,22.71,23.72,24.92,26.48
102_103,34.72,36.03,33.45,34.87,34.03,33.21,31.02,29.37,25.13,23.75,20.26,17.96,17.4,16.17,16.99,17.42,17.93,18.13,20.07,20.94,22.88,23.99,26.44,26.65
102_114,37.34,36.99,34.52,36.66,35.22,32.12,31.8,28.13,27.53,24.77,20.53,18.41,17.83,16.88,17.26,17.67,18.8,19.82,20.75,22.58,23.88,25.68,26.94,27.08
103_104,37.32,36.41,38.3,36.85,35.95,33.25,32.48,29.31,27.21,25.64,21.96,19.61,17.91,17.51,16.99,17.87,18.43,20.46,21.23,21.88,23.55,25.39,28.4,28.88
103_115,49.21,49.75,50.43,46.84,46.47,45.19,43.76,40.67,39.51,35.87,32.82,30.07,28.42,26.79,26.49,27.85,28.63,30.89,31.96,32.17,35.22,37.86,38.78,39.95
104_116,32.36,34.07,34.38,32.81,32.51,31.33,28.39,27.28,24.28,21.73,20.24,17.86,15.38,15.09,15.83,15.42,17.3,17.17,18.73,20.01,22.02,22.66,23.7,26.34
105_106,35.44,35.48,32.98,33.38,33.83,31.45,30.25,26.84,25.98,21.88,20.67,18.13,16.18,15.32,15.57,16.42,16.75,18.19,19.19,20.96,21.69,23.39,26.11,25.71
105_117,34.72,34.71,34.5,35.74,32.97,33.6,32.11,29.29,26.22,23.25,21.24,18.43,16.74,16.8,16.31,17.05,18.12,19.15,19.55,21.78,22.93,24.15,25.72,27.18
106_107,35.9,34.5,36.37,34.54,32.98,32.9,31.02,28.19,25.75,23.43,20.81,19.0,17.47,16.59,16.71,16.53,18.17,19.04,20.48,21.79,22.16,23.44,26.86,26.68
107_108,34.98,35.69,33.44,33.68,33.99,31.29,30.0,28.01,24.85,23.71,20.9,18.33,16.6,15.73,16.49,16.43,18.04,17.95,20.35,21.72,22.92,24.65,25.0,26.61
107_119,39.11,38.81,36.52,37.32,36.2,33.63,33.5,31.47,28.45,25.63,21.39,19.48,18.17,17.81,18.1,17.95,19.55,19.54,21.57,23.23,24.64,25.93,28.18,29.53
108_120,51.56,48.55,50.19,47.33,48.37,45.96,45.38,41.81,39.21,34.77,31.92,30.49,28.82,28.13,27.82,28.4,29.9,31.37,30.55,32.3,33.91,37.39,38.82,40.41
109_110,34.26,35.6,35.27,34.54,34.05,32.88,31.46,29.34,25.62,23.71,20.45,18.16,16.89,16.34,16.65,17.26,17.7,18.76,19.22,21.54,23.41,23.73,25.76,27.31
109_121,50.16,48.94,50.21,47.59,47.89,44.82,44.42,40.68,37.03,34.53,30.98,30.54,28.16,26.89,26.97,27.27,28.18,29.78,30.49,32.92,35.81,36.48,37.61,40.91
110_111,35.74,36.84,35.54,34.55,35.88,32.77,31.04,29.08,26.22,24.06,21.04,19.06,17.87,16.95,17.45,17.4,18.88,19.03,20.78,21.69,24.14,24.78,25.69,27.87
110_122,34.92,35.06,35.41,34.6,33.64,33.77,31.91,29.26,25.75,23.19,20.23,18.77,16.57,15.95,16.59,16.65,17.21,19.39,20.41,20.88,22.94,23.89,26.65,28.12
111_112,31.51,32.24,30.84,31.25,30.97,30.14,28.87,25.39,23.11,21.37,19.12,16.28,14.82,14.32,14.97,15.96,16.58,16.54,18.7,18.79,21.32,21.63,22.92,25.29
111_123,36.61,36.36,37.05,34.93,35.59,32.79,31.54,29.52,25.56,24.46,21.03,18.96,16.81,16.21,16.32,17.1,17.36,19.0,20.18,21.72,22.72,24.02,27.06,28.4
112_113,36.65,36.37,34.68,33.48,33.75,32.81,30.78,29.38,25.86,24.28,20.6,17.87,17.39,15.93,16.66,17.63,17.19,18.28,20.79,21.51,22.31,24.28,26.35,26.51
112_124,33.04,33.6,33.78,33.44,31.14,30.0,28.31,26.25,25.53,22.69,19.77,17.71,16.59,15.02,16.22,15.7,16.59,18.14,19.07,20.59,22.19,23.49,23.48,26.66
113_114,39.31,37.59,36.84,37.64,36.52,34.86,31.82,31.48,26.85,24.52,21.5,19.82,18.68,17.39,17.85,17.49,19.15,19.61,21.33,22.34,24.7,26.27,27.23,29.53
113_125,31.62,32.23,30.25,30.79,30.71,29.34,26.8,25.08,23.32,20.74,18.55,16.08,15.69,14.9,14.27,15.66,15.5,16.83,17.34,19.26,20.23,22.62,22.54,24.79
114_115,31.94,32.53,30.71,30.62,30.58,29.07,28.74,25.78,24.16,20.4,18.77,16.89,14.9,15.05,14.36,15.59,15.57,16.95,18.55,18.98,20.92,21.14,23.72,24.48
114_126,31.17,31.23,31.9,31.38,30.14,28.56,28.56,24.87,22.67,21.2,17.89,16.61,15.79,14.26,15.1,15.75,15.58,16.42,17.69,19.68,20.58,21.7,24.11,24.38
115_116,32.11,30.38,29.88,31.24,29.4,28.78,28.17,25.48,22.59,20.08,17.58,16.35,15.08,13.95,14.3,15.13,15.94,16.14,17.73,18.91,19.59,21.23,22.74,23.1
115_127,43.27,45.1,43.77,42.29,41.33,39.52,38.75,35.45,35.2,30.74,27.88,25.83,24.01,24.55,23.7,24.1,26.26,25.68,28.15,29.36,29.36,31.91,32.65,34.86
116_117,37.2,37.08,37.54,37.33,36.78,33.8,32.09,30.01,27.8,24.56,22.21,19.82,18.78,18.02,17.57,18.28,18.47,20.99,22.25,23.65,23.95,26.38,28.39,28.9
116_128,32.38,31.58,31.97,30.32,30.73,30.01,28.53,25.67,23.48,21.42,18.0,16.72,15.22,14.97,14.92,15.1,15.47,16.87,17.57,18.61,20.9,22.72,24.05,23.92
117_129,33.58,35.82,34.74,32.65,33.52,32.27,30.76,28.23,25.4,22.33,19.99,18.35,16.73,16.6,15.79,16.02,17.36,17.7,20.25,21.45,23.14,23.16,25.02,25.91
118_119,30.8,31.93,32.66,31.19,31.48,28.45,28.63,26.0,22.52,20.88,18.2,16.43,15.37,14.24,14.4,15.69,15.95,17.0,17.56,18.54,21.16,21.99,22.35,23.93
118_130,35.7,35.4,34.58,34.66,32.71,33.1,29.73,27.47,25.95,23.53,20.06,17.55,16.45,16.26,16.87,17.31,17.59,18.89,19.37,21.41,21.76,23.38,26.23,27.97
119_120,38.62,39.47,36.62,36.98,35.38,34.65,32.93,30.74,28.04,25.02,22.65,20.12,18.61,18.02,17.84,18.47,19.72,19.92,21.52,22.69,23.7,26.87,26.96,29.91
120_132,50.66,49.07,47.72,47.54,46.63,47.52,45.36,40.39,37.72,36.74,33.05,29.2,28.65,27.08,27.11,26.95,28.2,29.43,31.38,33.06,35.06,37.15,39.34,41.05
121_122,31.25,31.19,30.8,30.06,29.59,30.3,27.1,25.97,23.96,21.2,18.19,17.05,15.1,14.87,15.0,15.0,15.76,16.84,18.75,19.65,20.15,21.21,23.07,24.31
121_133,45.66,46.12,44.31,45.54,42.37,42.24,39.55,39.01,36.62,33.6,28.65,26.31,26.04,25.32,25.5,25.8,26.41,26.89,28.4,29.71,31.79,33.94,34.07,37.66
122_123,35.68,34.39,34.58,34.96,32.85,33.16,31.42,27.53,25.01,23.03,20.38,17.46,16.2,15.58,16.09,16.18,16.86,18.81,19.98,20.38,22.63,24.55,24.51,27.54
122_134,36.26,34.85,36.18,34.77,33.22,33.34,29.77,28.85,26.25,23.3,21.21,18.95,17.46,16.02,16.17,17.68,17.32,18.82,20.24,21.38,22.09,23.7,26.95,28.35
123_124,33.02,33.45,32.81,34.52,32.09,31.99,29.8,26.65,24.91,21.95,20.01,18.39,15.93,15.68,15.76,15.86,17.22,17.83,19.19,20.06,21.97,23.11,24.68,27.13
123_135,31.23,30.59,32.03,31.23,30.18,29.7,26.63,26.26,23.02,21.23,17.89,15.88,15.46,14.26,15.16,15.01,15.61,16.27,17.8,19.48,20.53,21.85,23.94,25.05
124_125,35.1,34.71,35.1,34.96,33.69,31.75,31.32,27.93,25.49,23.82,20.49,18.24,16.75,16.77,15.85,17.34,17.95,18.95,19.17,20.83,22.33,24.79,26.07,26.53
124_136,35.48,34.25,33.61,32.67,33.28,31.92,30.41,27.01,25.3,22.8,19.5,17.63,16.71,15.61,16.46,16.01,17.03,17.5,19.25,21.34,21.77,23.71,24.26,25.47
125_126,32.58,32.44,32.26,33.16,32.21,29.65,30.01,26.71,25.6,21.35,20.0,16.96,15.83,15.95,16.08,16.09,17.17,18.14,18.64,20.55,21.55,22.73,24.75,25.48
125_137,38.65,38.0,38.59,37.51,36.99,33.86,33.8,29.94,28.21,24.53,21.72,19.59,18.32,17.03,17.34,18.56,19.27,19.54,20.59,22.13,23.33,26.27,27.3,29.52
126_127,31.72,32.13,32.22,30.57,29.96,30.1,27.73,25.61,22.39,20.15,18.58,16.61,15.23,14.14,14.85,14.6,15.93,16.26,17.25,18.93,21.07,22.52,23.04,24.71
126_138,39.3,37.42,37.0,37.67,36.21,35.45,32.91,29.7,28.18,24.75,22.43,20.31,18.34,17.76,17.32,17.63,18.35,19.97,20.71,22.71,23.81,25.31,28.11,28.46
127_128,30.97,30.1,30.26,31.24,30.67,29.01,26.54,25.94,23.22,20.17,18.51,16.63,15.36,14.68,14.36,14.66,15.82,16.51,17.98,19.23,20.95,20.8,23.51,24.07
127_139,44.32,43.72,45.84,44.28,42.59,40.88,41.73,38.58,34.19,32.43,29.4,26.52,25.17,24.17,25.17,25.11,27.16,28.15,28.21,29.29,32.94,34.48,35.46,35.29
128_129,32.54,31.86,30.4,30.57,29.56,28.4,26.52,26.22,23.1,20.63,17.56,16.66,15.07,14.6,14.5,14.66,15.71,16.4,17.01,19.22,20.23,21.42,23.58,23.27
128_140,37.33,38.47,38.91,38.13,35.78,35.04,33.81,30.18,27.69,24.75,21.57,20.0,17.49,17.16,17.45,17.69,19.66,20.08,21.2,23.03,24.84,26.6,28.61,30.22
129_130,32.61,34.07,32.06,33.31,33.02,30.31,28.9,27.24,23.85,22.77,19.17,17.06,16.27,16.13,16.0,16.61,16.77,18.22,18.47,20.59,21.93,22.81,24.05,26.29
129_141,31.56,31.75,31.69,32.71,30.35,30.84,27.43,25.62,24.47,21.18,19.55,16.33,16.04,14.5,14.78,15.89,15.81,17.46,18.46,18.87,21.6,21.71,23.51,25.14
130_142,34.11,34.8,34.58,34.08,33.05,32.01,29.54,28.57,24.95,23.81,20.51,17.83,17.19,16.05,16.55,16.84,17.22,18.57,20.23,21.53,22.42,24.96,25.72,26.91
131_132,33.94,34.84,33.47,32.3,32.44,30.5,29.83,26.76,24.43,21.93,20.62,18.32,16.07,16.01,16.62,16.37,17.71,17.75,19.21,20.87,22.03,22.86,24.4,27.58
131_143,36.12,36.53,35.57,35.98,33.91,33.12,31.12,29.4,27.59,23.67,20.94,19.21,17.17,16.22,17.3,16.85,18.38,18.53,20.13,22.18,22.66,24.97,26.63,28.3
132_144,46.95,49.31,48.92,48.78,45.95,43.41,42.56,39.92,36.97,33.62,32.12,27.7,26.01,27.13,26.53,26.69,27.57,29.18,30.97,32.65,32.35,35.61,35.91,37.24
133_134,50.02,47.76,48.54,49.55,47.49,44.41,45.27,41.91,39.3,35.42,30.85,30.11,27.85,26.95,26.28,28.42,28.7,29.01,30.23,33.01,33.22,36.87,39.19,38.72
134_135,47.85,48.96,45.49,48.49,44.64,45.82,41.97,41.55,36.49,32.79,31.59,29.47,27.7,26.94,26.7,26.58,28.52,29.21,29.28,33.02,33.15,35.66,37.14,39.24
135_136,42.9,46.22,44.85,43.66,42.82,41.44,39.36,37.63,33.59,30.97,29.65,27.26,24.02,25.06,23.78,25.59,25.93,27.82,28.03,29.42,30.92,33.06,35.65,35.02
136_137,47.89,48.33,48.17,48.73,45.33,43.34,44.43,40.35,37.04,34.63,32.19,28.4,28.05,26.72,27.01,28.19,27.3,30.38,29.69,33.19,34.3,36.88,38.56,39.05
137_138,48.74,46.85,46.32,44.86,44.99,43.18,41.11,39.26,38.1,34.46,31.03,27.92,27.58,25.94,25.58,27.4,27.03,28.64,30.44,31.47,33.2,34.85,35.36,37.2
138_139,48.27,45.88,45.3,45.02,45.95,43.98,41.79,39.53,37.05,33.2,30.95,28.15,27.05,25.79,25.33,26.36,27.96,27.14,28.42,30.72,32.34,35.3,35.7,38.19
139_140,48.83,48.24,46.96,48.73,47.27,43.15,43.89,39.28,37.23,34.88,31.98,29.05,26.23,25.37,26.01,26.85,27.82,29.48,31.58,32.75,34.35,36.03,37.45,38.17
140_141,49.6,48.28,45.88,46.36,43.95,44.08,42.53,39.81,37.02,33.28,31.71,28.3,26.86,27.06,26.7,27.5,27.12,29.55,29.8,31.78,33.23,36.26,37.52,37.3
141_142,46.85,48.38,45.77,47.97,44.4,43.31,42.96,39.34,37.41,32.76,31.45,29.18,26.03,26.07,26.15,27.19,26.67,27.99,30.25,32.71,32.93,34.96,38.1,37.43
142_143,47.61,46.79,47.25,46.06,46.46,44.13,44.33,39.75,36.8,34.51,32.47,29.27,27.91,26.79,26.57,27.17,28.61,30.15,30.05,33.07,33.78,34.51,37.06,39.46
143_144,45.62,43.95,44.33,42.97,42.11,42.26,38.26,38.1,35.37,31.77,28.46,26.74,25.55,24.93,24.59,25.65,25.06,26.71,27.66,29.57,31.89,33.59,34.68,36.51
1_14,20.39,19.62,19.47,18.75,19.47,18.44,18.03,15.75,14.85,13.36,12.06,10.35,9.57,9.77,9.26,10.19,10.5,10.51,11.4,12.03,12.95,13.53,14.13,15.6
14_27,16.82,17.94,17.61,17.21,17.11,15.87,15.67,13.82,12.97,11.14,10.32,9.08,8.23,8.26,8.42,8.68,8.57,9.12,9.7,10.53,11.18,12.14,12.29,12.92
27_40,20.09,19.81,20.6,19.05,19.38,19.09,17.41,16.76,15.0,13.11,11.65,11.05,9.85,9.86,9.99,10.17,10.4,10.8,11.36,12.03,12.87,14.26,14.43,15.87
40_53,19.36,20.58,20.05,19.45,19.61,18.45,17.97,15.75,14.47,12.92,11.7,10.66,10.18,9.3,9.8,9.72,10.49,10.73,11.73,12.31,13.03,14.01,14.36,15.2
53_66,19.98,19.91,19.63,18.74,18.86,18.11,17.19,16.28,14.93,13.24,11.76,10.77,10.11,9.1,9.21,9.47,9.84,11.11,11.06,12.17,12.74,14.13,14.61,15.99
66_79,19.93,20.2,19.87,19.54,20.09,18.29,17.55,16.71,15.03,13.72,12.0,11.31,9.82,9.96,10.31,9.97,10.92,11.55,12.27,12.49,13.3,13.95,15.04,15.7
79_92,18.2,17.43,17.3,17.42,16.34,16.57,15.47,14.31,13.26,11.94,10.29,9.32,8.61,8.69,8.58,8.62,8.9,9.18,10.01,10.74,11.64,11.76,13.23,13.46
92_105,19.55,19.64,19.2,18.39,19.06,17.85,16.88,16.3,14.48,12.71,11.45,10.56,9.46,9.21,9.19,9.5,10.14,10.71,10.95,12.34,12.39,13.71,14.28,14.67
105_118,18.2,18.47,17.58,17.35,17.59,16.76,15.86,14.44,12.95,11.79,10.39,9.8,8.54,8.4,8.82,8.63,9.35,9.39,9.95,10.83,12.07,12.61,12.84,13.66
118_131,18.23,18.48,18.41,17.38,17.86,17.02,15.81,14.57,13.26,12.62,10.68,9.38,8.86,8.87,8.48,9.0,9.04,9.89,10.1,11.5,11.48,13.04,13.21,13.99
131_144,18.63,18.44,17.61,18.64,18.02,17.35,16.17,14.68,13.35,12.8,10.82,10.16,9.04,8.55,9.06,9.52,9.42,9.91,11.02,11.56,11.88,12.4,13.67,14.18
